"INDICATOR","HFA_617"

"HFA_617","GINI coefficient (income distribution)"

"UNIT_TYPE","Unit"
"SCORE","score"

"EXTERNID","ID in the originating data source"

"DATA_SOURCE","Data source"
"HFA","European Health for All database"

"DATA_TYPE_REPRESENTATION","Data type representation"
"SCORE","Score"

"DATA_SET","Data set"
"HFA","European Health for All database (WHO)"
"JMF","Joint Monitoring Framework (JMF)"

"DATA_MASK","Mask for controlling the output format of values"

"SEX","Sex"
"FEMALE","Female"
"MALE","Male"
"ALL","All"

"COUNTRY","COUNTRY_GRP","SEX","YEAR","VALUE"
"ALB","","ALL","1996","27"
"ALB","","ALL","2002","31.7"
"ALB","","ALL","2005","30.6"
"ALB","","ALL","2008","30"
"ALB","","ALL","2012","29"
"ALB","","ALL","2014","34.6"
"ALB","","ALL","2015","32.9"
"ALB","","ALL","2016","33.7"
"ALB","","ALL","2017","33.2"
"ARM","","ALL","1999","36.2"
"ARM","","ALL","2001","35.4"
"ARM","","ALL","2002","34.8"
"ARM","","ALL","2003","33"
"ARM","","ALL","2004","37.5"
"ARM","","ALL","2005","36"
"ARM","","ALL","2006","29.7"
"ARM","","ALL","2007","31.2"
"ARM","","ALL","2008","29.2"
"ARM","","ALL","2009","28"
"ARM","","ALL","2010","30"
"ARM","","ALL","2011","29.4"
"ARM","","ALL","2012","29.6"
"ARM","","ALL","2013","30.6"
"ARM","","ALL","2014","31.5"
"ARM","","ALL","2015","32.4"
"ARM","","ALL","2016","32.5"
"ARM","","ALL","2017","33.6"
"ARM","","ALL","2018","34.4"
"ARM","","ALL","2019","29.9"
"AUT","","ALL","1995","27"
"AUT","","ALL","1996","26"
"AUT","","ALL","1997","25"
"AUT","","ALL","1998","24"
"AUT","","ALL","1999","26"
"AUT","","ALL","2000","28.8"
"AUT","","ALL","2001","24"
"AUT","","ALL","2002","27.2"
"AUT","","ALL","2003","29.5"
"AUT","","ALL","2004","29.8"
"AUT","","ALL","2005","28.7"
"AUT","","ALL","2006","29.6"
"AUT","","ALL","2007","30.6"
"AUT","","ALL","2008","30.4"
"AUT","","ALL","2009","31.5"
"AUT","","ALL","2010","30.3"
"AUT","","ALL","2011","30.8"
"AUT","","ALL","2012","30.5"
"AUT","","ALL","2013","30.8"
"AUT","","ALL","2014","30.5"
"AUT","","ALL","2015","30.5"
"AUT","","ALL","2016","30.8"
"AUT","","ALL","2017","29.7"
"AUT","","ALL","2018","30.8"
"AUT","","ALL","2019","27.5"
"AZE","","ALL","1995","34.7"
"AZE","","ALL","2001","36.5"
"AZE","","ALL","2002","25.3"
"AZE","","ALL","2003","26.8"
"AZE","","ALL","2004","26.6"
"AZE","","ALL","2005","26.6"
"BEL","","ALL","1995","29"
"BEL","","ALL","1996","28"
"BEL","","ALL","1997","27"
"BEL","","ALL","1998","27"
"BEL","","ALL","1999","29"
"BEL","","ALL","2000","33.1"
"BEL","","ALL","2001","28"
"BEL","","ALL","2002","26.3"
"BEL","","ALL","2003","28.1"
"BEL","","ALL","2004","30.5"
"BEL","","ALL","2005","29.3"
"BEL","","ALL","2006","28.1"
"BEL","","ALL","2007","29.2"
"BEL","","ALL","2008","28.4"
"BEL","","ALL","2009","28.6"
"BEL","","ALL","2010","28.4"
"BEL","","ALL","2011","28.1"
"BEL","","ALL","2012","27.5"
"BEL","","ALL","2013","27.7"
"BEL","","ALL","2014","28.1"
"BEL","","ALL","2015","27.7"
"BEL","","ALL","2016","27.6"
"BEL","","ALL","2017","27.4"
"BEL","","ALL","2018","27.2"
"BEL","","ALL","2019","25.1"
"BGR","","ALL","1999","40.8"
"BGR","","ALL","2000","25"
"BGR","","ALL","2001","26"
"BGR","","ALL","2002","26"
"BGR","","ALL","2003","37"
"BGR","","ALL","2004","35.4"
"BGR","","ALL","2005","35.4"
"BGR","","ALL","2006","35.7"
"BGR","","ALL","2007","36.1"
"BGR","","ALL","2008","33.6"
"BGR","","ALL","2009","33.8"
"BGR","","ALL","2010","35.7"
"BGR","","ALL","2011","34.3"
"BGR","","ALL","2012","36"
"BGR","","ALL","2013","36.6"
"BGR","","ALL","2014","37.4"
"BGR","","ALL","2015","38.6"
"BGR","","ALL","2016","40.6"
"BGR","","ALL","2017","40.4"
"BGR","","ALL","2018","41.3"
"BGR","","ALL","2019","40.8"
"BIH","","ALL","2001","30"
"BIH","","ALL","2004","34"
"BIH","","ALL","2007","33.1"
"BIH","","ALL","2011","33"
"BIH","","ALL","2015","32.7"
"BLR","","ALL","1998","32"
"BLR","","ALL","1999","31.7"
"BLR","","ALL","2000","31.2"
"BLR","","ALL","2001","30.6"
"BLR","","ALL","2002","30.3"
"BLR","","ALL","2003","28.8"
"BLR","","ALL","2004","26.5"
"BLR","","ALL","2005","27.6"
"BLR","","ALL","2006","28.3"
"BLR","","ALL","2007","29.6"
"BLR","","ALL","2008","27.8"
"BLR","","ALL","2009","27.7"
"BLR","","ALL","2010","28.6"
"BLR","","ALL","2011","27.2"
"BLR","","ALL","2012","26.5"
"BLR","","ALL","2013","26.6"
"BLR","","ALL","2014","27.2"
"BLR","","ALL","2015","25.6"
"BLR","","ALL","2016","25.3"
"BLR","","ALL","2017","25.4"
"BLR","","ALL","2018","25.2"
"BLR","","ALL","2019","25.3"
"","CARINFONET","ALL","1998","40.33"
"","CARINFONET","ALL","2002","33.79"
"","CARINFONET","ALL","2003","34.47"
"","CARINFONET","ALL","2004","34.62"
"","CARINFONET","ALL","2007","33.92"
"","CARINFONET","ALL","2009","32.91"
"","CARINFONET","ALL","2015","32.8"
"CHE","","ALL","1999","30.6"
"CHE","","ALL","2000","33.4"
"CHE","","ALL","2001","30.1"
"CHE","","ALL","2002","31.7"
"CHE","","ALL","2003","29.6"
"CHE","","ALL","2004","29.5"
"CHE","","ALL","2005","28.5"
"CHE","","ALL","2006","33.9"
"CHE","","ALL","2007","34.3"
"CHE","","ALL","2008","33.8"
"CHE","","ALL","2009","32.9"
"CHE","","ALL","2010","32.6"
"CHE","","ALL","2011","31.7"
"CHE","","ALL","2012","31.6"
"CHE","","ALL","2013","32.5"
"CHE","","ALL","2014","32.5"
"CHE","","ALL","2015","32.3"
"CHE","","ALL","2016","33"
"CHE","","ALL","2017","32.7"
"CHE","","ALL","2018","33.1"
"CHE","","ALL","2019","30.6"
"","CIS","ALL","1998","37.34"
"","CIS","ALL","2001","34.98"
"","CIS","ALL","2002","34.44"
"","CIS","ALL","2003","35.92"
"","CIS","ALL","2004","36.12"
"","CIS","ALL","2005","37.08"
"","CIS","ALL","2006","36.54"
"","CIS","ALL","2007","36.7"
"","CIS","ALL","2008","36.01"
"","CIS","ALL","2009","34.75"
"","CIS","ALL","2010","34.58"
"","CIS","ALL","2011","34.54"
"","CIS","ALL","2012","35.05"
"","CIS","ALL","2013","35.11"
"","CIS","ALL","2014","34.48"
"","CIS","ALL","2015","33.59"
"","CIS","ALL","2016","33.02"
"","CIS","ALL","2017","33.47"
"","CIS","ALL","2018","33.66"
"CYP","","ALL","1997","29"
"CYP","","ALL","1999","31.1"
"CYP","","ALL","2000","29.1"
"CYP","","ALL","2001","30.8"
"CYP","","ALL","2002","32.1"
"CYP","","ALL","2003","33.6"
"CYP","","ALL","2004","30.1"
"CYP","","ALL","2005","30.3"
"CYP","","ALL","2006","31.1"
"CYP","","ALL","2007","31.1"
"CYP","","ALL","2008","31.7"
"CYP","","ALL","2009","32.1"
"CYP","","ALL","2010","31.5"
"CYP","","ALL","2011","32.6"
"CYP","","ALL","2012","34.3"
"CYP","","ALL","2013","37"
"CYP","","ALL","2014","35.6"
"CYP","","ALL","2015","34"
"CYP","","ALL","2016","32.9"
"CYP","","ALL","2017","31.4"
"CYP","","ALL","2018","32.7"
"CYP","","ALL","2019","31.1"
"CZE","","ALL","1999","24"
"CZE","","ALL","2000","24"
"CZE","","ALL","2001","25"
"CZE","","ALL","2002","26.6"
"CZE","","ALL","2003","25"
"CZE","","ALL","2004","27.5"
"CZE","","ALL","2005","26.9"
"CZE","","ALL","2006","26.7"
"CZE","","ALL","2007","26"
"CZE","","ALL","2008","26.3"
"CZE","","ALL","2009","26.2"
"CZE","","ALL","2010","26.6"
"CZE","","ALL","2011","26.4"
"CZE","","ALL","2012","26.1"
"CZE","","ALL","2013","26.5"
"CZE","","ALL","2014","25.9"
"CZE","","ALL","2015","25.9"
"CZE","","ALL","2016","25.4"
"CZE","","ALL","2017","24.9"
"CZE","","ALL","2018","25"
"CZE","","ALL","2019","24"
"DEU","","ALL","1995","29"
"DEU","","ALL","1996","27"
"DEU","","ALL","1997","25"
"DEU","","ALL","1998","25"
"DEU","","ALL","1999","25"
"DEU","","ALL","2000","28.8"
"DEU","","ALL","2001","30.3"
"DEU","","ALL","2002","29.9"
"DEU","","ALL","2003","30"
"DEU","","ALL","2004","30.4"
"DEU","","ALL","2005","32.1"
"DEU","","ALL","2006","31.3"
"DEU","","ALL","2007","31.3"
"DEU","","ALL","2008","31.1"
"DEU","","ALL","2009","30.5"
"DEU","","ALL","2010","30.2"
"DEU","","ALL","2011","30.5"
"DEU","","ALL","2012","30.9"
"DEU","","ALL","2013","31.1"
"DEU","","ALL","2014","30.9"
"DEU","","ALL","2015","31.7"
"DEU","","ALL","2016","31.9"
"DEU","","ALL","2017","29.1"
"DEU","","ALL","2018","31.1"
"DEU","","ALL","2019","29.7"
"DNK","","ALL","1995","20"
"DNK","","ALL","1997","20"
"DNK","","ALL","1999","21"
"DNK","","ALL","2000","23.8"
"DNK","","ALL","2001","22"
"DNK","","ALL","2002","27.7"
"DNK","","ALL","2003","25.6"
"DNK","","ALL","2004","24.9"
"DNK","","ALL","2005","25.2"
"DNK","","ALL","2006","25.9"
"DNK","","ALL","2007","26.2"
"DNK","","ALL","2008","25.2"
"DNK","","ALL","2009","26.7"
"DNK","","ALL","2010","27.2"
"DNK","","ALL","2011","27.3"
"DNK","","ALL","2012","27.8"
"DNK","","ALL","2013","28.5"
"DNK","","ALL","2014","28.4"
"DNK","","ALL","2015","28.2"
"DNK","","ALL","2016","28.2"
"DNK","","ALL","2017","28.7"
"DNK","","ALL","2018","28.2"
"DNK","","ALL","2019","27.5"
"ESP","","ALL","1995","34"
"ESP","","ALL","1996","34"
"ESP","","ALL","1997","35"
"ESP","","ALL","1998","34"
"ESP","","ALL","1999","33"
"ESP","","ALL","2000","34.3"
"ESP","","ALL","2001","33"
"ESP","","ALL","2002","31"
"ESP","","ALL","2003","31.8"
"ESP","","ALL","2004","33.3"
"ESP","","ALL","2005","32.4"
"ESP","","ALL","2006","33.5"
"ESP","","ALL","2007","34.1"
"ESP","","ALL","2008","34.2"
"ESP","","ALL","2009","34.9"
"ESP","","ALL","2010","35.2"
"ESP","","ALL","2011","35.7"
"ESP","","ALL","2012","35.4"
"ESP","","ALL","2013","36.2"
"ESP","","ALL","2014","36.1"
"ESP","","ALL","2015","36.2"
"ESP","","ALL","2016","35.8"
"ESP","","ALL","2017","34.7"
"ESP","","ALL","2018","34.7"
"ESP","","ALL","2019","33"
"EST","","ALL","1999","30.5"
"EST","","ALL","2000","36"
"EST","","ALL","2001","35"
"EST","","ALL","2002","35"
"EST","","ALL","2003","37.2"
"EST","","ALL","2004","33.6"
"EST","","ALL","2005","33.4"
"EST","","ALL","2006","33.7"
"EST","","ALL","2007","31.2"
"EST","","ALL","2008","31.9"
"EST","","ALL","2009","31.4"
"EST","","ALL","2010","32"
"EST","","ALL","2011","32.5"
"EST","","ALL","2012","32.9"
"EST","","ALL","2013","35.1"
"EST","","ALL","2014","34.6"
"EST","","ALL","2015","32.7"
"EST","","ALL","2016","31.2"
"EST","","ALL","2017","30.4"
"EST","","ALL","2018","30.3"
"EST","","ALL","2019","30.5"
"","EU_AFTER_MAY2004","ALL","1999","30.31"
"","EU_AFTER_MAY2004","ALL","2000","28.07"
"","EU_AFTER_MAY2004","ALL","2001","28.48"
"","EU_AFTER_MAY2004","ALL","2002","28.71"
"","EU_AFTER_MAY2004","ALL","2003","31.64"
"","EU_AFTER_MAY2004","ALL","2004","34.14"
"","EU_AFTER_MAY2004","ALL","2005","33.8"
"","EU_AFTER_MAY2004","ALL","2006","33.54"
"","EU_AFTER_MAY2004","ALL","2007","32.77"
"","EU_AFTER_MAY2004","ALL","2008","32.28"
"","EU_AFTER_MAY2004","ALL","2009","32.18"
"","EU_AFTER_MAY2004","ALL","2010","32.35"
"","EU_AFTER_MAY2004","ALL","2011","32.24"
"","EU_AFTER_MAY2004","ALL","2012","32.6"
"","EU_AFTER_MAY2004","ALL","2013","33.05"
"","EU_AFTER_MAY2004","ALL","2014","32.54"
"","EU_AFTER_MAY2004","ALL","2015","32.09"
"","EU_AFTER_MAY2004","ALL","2016","31.57"
"","EU_AFTER_MAY2004","ALL","2017","31.24"
"","EU_AFTER_MAY2004","ALL","2018","31.38"
"","EU_AFTER_MAY2004","ALL","2019","30.12"
"","EU_BEFORE_MAY2004","ALL","1995","31.34"
"","EU_BEFORE_MAY2004","ALL","1996","30.67"
"","EU_BEFORE_MAY2004","ALL","1997","30"
"","EU_BEFORE_MAY2004","ALL","1998","29.74"
"","EU_BEFORE_MAY2004","ALL","1999","29.87"
"","EU_BEFORE_MAY2004","ALL","2000","32.63"
"","EU_BEFORE_MAY2004","ALL","2001","30.59"
"","EU_BEFORE_MAY2004","ALL","2002","30.56"
"","EU_BEFORE_MAY2004","ALL","2003","31.9"
"","EU_BEFORE_MAY2004","ALL","2004","32.33"
"","EU_BEFORE_MAY2004","ALL","2005","32.07"
"","EU_BEFORE_MAY2004","ALL","2006","32.07"
"","EU_BEFORE_MAY2004","ALL","2007","32.6"
"","EU_BEFORE_MAY2004","ALL","2008","32.5"
"","EU_BEFORE_MAY2004","ALL","2009","32.38"
"","EU_BEFORE_MAY2004","ALL","2010","32.68"
"","EU_BEFORE_MAY2004","ALL","2011","32.65"
"","EU_BEFORE_MAY2004","ALL","2012","32.54"
"","EU_BEFORE_MAY2004","ALL","2013","32.76"
"","EU_BEFORE_MAY2004","ALL","2014","32.73"
"","EU_BEFORE_MAY2004","ALL","2015","32.94"
"","EU_BEFORE_MAY2004","ALL","2016","33.02"
"","EU_BEFORE_MAY2004","ALL","2017","32.35"
"","EU_BEFORE_MAY2004","ALL","2018","32.19"
"","EU_BEFORE_MAY2004","ALL","2019","30.54"
"","EU_MEMBERS","ALL","1997","30.07"
"","EU_MEMBERS","ALL","1999","29.97"
"","EU_MEMBERS","ALL","2000","31.6"
"","EU_MEMBERS","ALL","2001","30.12"
"","EU_MEMBERS","ALL","2002","30.15"
"","EU_MEMBERS","ALL","2003","31.84"
"","EU_MEMBERS","ALL","2004","32.72"
"","EU_MEMBERS","ALL","2005","32.45"
"","EU_MEMBERS","ALL","2006","32.39"
"","EU_MEMBERS","ALL","2007","32.64"
"","EU_MEMBERS","ALL","2008","32.45"
"","EU_MEMBERS","ALL","2009","32.34"
"","EU_MEMBERS","ALL","2010","32.61"
"","EU_MEMBERS","ALL","2011","32.56"
"","EU_MEMBERS","ALL","2012","32.56"
"","EU_MEMBERS","ALL","2013","32.82"
"","EU_MEMBERS","ALL","2014","32.69"
"","EU_MEMBERS","ALL","2015","32.77"
"","EU_MEMBERS","ALL","2016","32.72"
"","EU_MEMBERS","ALL","2017","32.12"
"","EU_MEMBERS","ALL","2018","32.02"
"","EU_MEMBERS","ALL","2019","30.45"
"FIN","","ALL","1996","22"
"FIN","","ALL","1997","22"
"FIN","","ALL","1998","22"
"FIN","","ALL","1999","24"
"FIN","","ALL","2000","27.2"
"FIN","","ALL","2001","27"
"FIN","","ALL","2002","26"
"FIN","","ALL","2003","27.7"
"FIN","","ALL","2004","27.9"
"FIN","","ALL","2005","27.6"
"FIN","","ALL","2006","28"
"FIN","","ALL","2007","28.3"
"FIN","","ALL","2008","27.8"
"FIN","","ALL","2009","27.5"
"FIN","","ALL","2010","27.7"
"FIN","","ALL","2011","27.6"
"FIN","","ALL","2012","27.1"
"FIN","","ALL","2013","27.2"
"FIN","","ALL","2014","26.8"
"FIN","","ALL","2015","27.1"
"FIN","","ALL","2016","27.1"
"FIN","","ALL","2017","27.4"
"FIN","","ALL","2018","27.3"
"FIN","","ALL","2019","26.2"
"FRA","","ALL","1995","29"
"FRA","","ALL","1996","29"
"FRA","","ALL","1997","29"
"FRA","","ALL","1998","28"
"FRA","","ALL","1999","29"
"FRA","","ALL","2000","31.1"
"FRA","","ALL","2001","27"
"FRA","","ALL","2002","27"
"FRA","","ALL","2003","31.4"
"FRA","","ALL","2004","30.6"
"FRA","","ALL","2005","29.8"
"FRA","","ALL","2006","29.7"
"FRA","","ALL","2007","32.4"
"FRA","","ALL","2008","33"
"FRA","","ALL","2009","32.7"
"FRA","","ALL","2010","33.7"
"FRA","","ALL","2011","33.3"
"FRA","","ALL","2012","33.1"
"FRA","","ALL","2013","32.5"
"FRA","","ALL","2014","32.3"
"FRA","","ALL","2015","32.7"
"FRA","","ALL","2016","31.9"
"FRA","","ALL","2017","31.6"
"FRA","","ALL","2018","32.4"
"FRA","","ALL","2019","29.2"
"GBR","","ALL","1999","37"
"GBR","","ALL","2000","38.4"
"GBR","","ALL","2001","37.3"
"GBR","","ALL","2002","35.1"
"GBR","","ALL","2003","35.1"
"GBR","","ALL","2004","36"
"GBR","","ALL","2005","34.3"
"GBR","","ALL","2006","34.6"
"GBR","","ALL","2007","35.7"
"GBR","","ALL","2008","34.1"
"GBR","","ALL","2009","34.3"
"GBR","","ALL","2010","34.4"
"GBR","","ALL","2011","33.2"
"GBR","","ALL","2012","32.3"
"GBR","","ALL","2013","33.2"
"GBR","","ALL","2014","34"
"GBR","","ALL","2015","33.2"
"GBR","","ALL","2016","34.8"
"GBR","","ALL","2017","35.1"
"GBR","","ALL","2018","33.5"
"GBR","","ALL","2019","32"
"GEO","","ALL","1996","37.1"
"GEO","","ALL","1997","40.7"
"GEO","","ALL","1998","41.3"
"GEO","","ALL","1999","40.1"
"GEO","","ALL","2000","40.5"
"GEO","","ALL","2001","39.6"
"GEO","","ALL","2002","37.2"
"GEO","","ALL","2003","36.7"
"GEO","","ALL","2004","36.2"
"GEO","","ALL","2005","37.4"
"GEO","","ALL","2006","36.9"
"GEO","","ALL","2007","38.1"
"GEO","","ALL","2008","38.5"
"GEO","","ALL","2009","38.2"
"GEO","","ALL","2010","39.5"
"GEO","","ALL","2011","39.6"
"GEO","","ALL","2012","39"
"GEO","","ALL","2013","38.6"
"GEO","","ALL","2014","37.6"
"GEO","","ALL","2015","36.5"
"GEO","","ALL","2016","36.6"
"GEO","","ALL","2017","37.9"
"GEO","","ALL","2018","36.4"
"GEO","","ALL","2019","35.9"
"GRC","","ALL","2000","34.2"
"GRC","","ALL","2003","32.8"
"GRC","","ALL","2004","33.6"
"GRC","","ALL","2005","34.6"
"GRC","","ALL","2006","35.1"
"GRC","","ALL","2007","34"
"GRC","","ALL","2008","33.6"
"GRC","","ALL","2009","33.6"
"GRC","","ALL","2010","34.1"
"GRC","","ALL","2011","34.8"
"GRC","","ALL","2012","36.3"
"GRC","","ALL","2013","36.1"
"GRC","","ALL","2014","35.8"
"GRC","","ALL","2015","36"
"GRC","","ALL","2016","35"
"GRC","","ALL","2017","34.4"
"GRC","","ALL","2018","32.9"
"HRV","","ALL","1999","29.2"
"HRV","","ALL","2000","29.7"
"HRV","","ALL","2001","29.9"
"HRV","","ALL","2002","29.8"
"HRV","","ALL","2003","30.4"
"HRV","","ALL","2004","30.2"
"HRV","","ALL","2005","30.9"
"HRV","","ALL","2006","30.9"
"HRV","","ALL","2007","31.2"
"HRV","","ALL","2008","31.6"
"HRV","","ALL","2009","32.6"
"HRV","","ALL","2010","32.4"
"HRV","","ALL","2011","32.3"
"HRV","","ALL","2012","32.5"
"HRV","","ALL","2013","32"
"HRV","","ALL","2014","32.1"
"HRV","","ALL","2015","31.1"
"HRV","","ALL","2016","30.9"
"HRV","","ALL","2017","30.4"
"HRV","","ALL","2018","29.7"
"HRV","","ALL","2019","29.2"
"HUN","","ALL","1999","28"
"HUN","","ALL","2000","26"
"HUN","","ALL","2001","25"
"HUN","","ALL","2002","24"
"HUN","","ALL","2003","28.2"
"HUN","","ALL","2004","29.9"
"HUN","","ALL","2005","34.7"
"HUN","","ALL","2006","28.3"
"HUN","","ALL","2007","27.9"
"HUN","","ALL","2008","27.5"
"HUN","","ALL","2009","27"
"HUN","","ALL","2010","29.4"
"HUN","","ALL","2011","29.2"
"HUN","","ALL","2012","30.8"
"HUN","","ALL","2013","31.5"
"HUN","","ALL","2014","30.9"
"HUN","","ALL","2015","30.4"
"HUN","","ALL","2016","30.3"
"HUN","","ALL","2017","30.6"
"HUN","","ALL","2018","29.6"
"HUN","","ALL","2019","28"
"IRL","","ALL","1995","33"
"IRL","","ALL","1996","33"
"IRL","","ALL","1997","33"
"IRL","","ALL","1998","34"
"IRL","","ALL","1999","32"
"IRL","","ALL","2000","33"
"IRL","","ALL","2001","29"
"IRL","","ALL","2002","32.3"
"IRL","","ALL","2003","32.9"
"IRL","","ALL","2004","33.6"
"IRL","","ALL","2005","33.8"
"IRL","","ALL","2006","32.7"
"IRL","","ALL","2007","31.9"
"IRL","","ALL","2008","30.9"
"IRL","","ALL","2009","32.7"
"IRL","","ALL","2010","32.3"
"IRL","","ALL","2011","32.9"
"IRL","","ALL","2012","33.2"
"IRL","","ALL","2013","33.5"
"IRL","","ALL","2014","31.9"
"IRL","","ALL","2015","31.8"
"IRL","","ALL","2016","32.8"
"IRL","","ALL","2017","31.4"
"IRL","","ALL","2018","28.9"
"IRL","","ALL","2019","28.3"
"ISL","","ALL","2000","23.2"
"ISL","","ALL","2001","25.2"
"ISL","","ALL","2002","24.1"
"ISL","","ALL","2003","26.8"
"ISL","","ALL","2004","28"
"ISL","","ALL","2005","29"
"ISL","","ALL","2006","30.2"
"ISL","","ALL","2007","29.5"
"ISL","","ALL","2008","31.8"
"ISL","","ALL","2009","28.7"
"ISL","","ALL","2010","26.2"
"ISL","","ALL","2011","26.8"
"ISL","","ALL","2012","26.8"
"ISL","","ALL","2013","25.4"
"ISL","","ALL","2014","27.8"
"ISL","","ALL","2015","26.8"
"ISL","","ALL","2016","27.2"
"ISL","","ALL","2017","26.1"
"ISL","","ALL","2018","23.2"
"ISR","","ALL","1997","38.1"
"ISR","","ALL","2001","38.9"
"ISR","","ALL","2005","41.8"
"ISR","","ALL","2007","41.1"
"ISR","","ALL","2010","42.5"
"ISR","","ALL","2012","41.3"
"ISR","","ALL","2014","39.8"
"ISR","","ALL","2016","39"
"ITA","","ALL","1995","33"
"ITA","","ALL","1996","32"
"ITA","","ALL","1997","31"
"ITA","","ALL","1998","31"
"ITA","","ALL","1999","30"
"ITA","","ALL","2000","35.3"
"ITA","","ALL","2001","29"
"ITA","","ALL","2002","33.1"
"ITA","","ALL","2003","34.9"
"ITA","","ALL","2004","34.3"
"ITA","","ALL","2005","33.8"
"ITA","","ALL","2006","33.7"
"ITA","","ALL","2007","32.9"
"ITA","","ALL","2008","33.8"
"ITA","","ALL","2009","33.8"
"ITA","","ALL","2010","34.7"
"ITA","","ALL","2011","35.1"
"ITA","","ALL","2012","35.2"
"ITA","","ALL","2013","34.9"
"ITA","","ALL","2014","34.7"
"ITA","","ALL","2015","35.4"
"ITA","","ALL","2016","35.2"
"ITA","","ALL","2017","35.9"
"ITA","","ALL","2018","33.4"
"ITA","","ALL","2019","32.8"
"KAZ","","ALL","1996","35.4"
"KAZ","","ALL","2001","36"
"KAZ","","ALL","2002","34.8"
"KAZ","","ALL","2003","33.7"
"KAZ","","ALL","2004","31.8"
"KAZ","","ALL","2005","39.8"
"KAZ","","ALL","2006","30.2"
"KAZ","","ALL","2007","30.1"
"KAZ","","ALL","2008","28.5"
"KAZ","","ALL","2009","28.2"
"KAZ","","ALL","2010","28"
"KAZ","","ALL","2011","28"
"KAZ","","ALL","2012","28.2"
"KAZ","","ALL","2013","27.1"
"KAZ","","ALL","2014","27"
"KAZ","","ALL","2015","26.8"
"KAZ","","ALL","2016","27.2"
"KAZ","","ALL","2017","27.5"
"KAZ","","ALL","2018","27.8"
"KGZ","","ALL","1998","46.4"
"KGZ","","ALL","2000","31"
"KGZ","","ALL","2001","30.2"
"KGZ","","ALL","2002","30.3"
"KGZ","","ALL","2003","28.7"
"KGZ","","ALL","2004","34.8"
"KGZ","","ALL","2005","32.6"
"KGZ","","ALL","2006","37.4"
"KGZ","","ALL","2007","33.9"
"KGZ","","ALL","2008","31.5"
"KGZ","","ALL","2009","29.9"
"KGZ","","ALL","2010","30.1"
"KGZ","","ALL","2011","27.8"
"KGZ","","ALL","2012","27.4"
"KGZ","","ALL","2013","28.8"
"KGZ","","ALL","2014","26.8"
"KGZ","","ALL","2015","29"
"KGZ","","ALL","2016","26.8"
"KGZ","","ALL","2017","27.3"
"KGZ","","ALL","2018","27.7"
"KGZ","","ALL","2019","29.7"
"LTU","","ALL","1999","35.4"
"LTU","","ALL","2000","31"
"LTU","","ALL","2001","31"
"LTU","","ALL","2002","37"
"LTU","","ALL","2003","37.9"
"LTU","","ALL","2004","37"
"LTU","","ALL","2005","35.3"
"LTU","","ALL","2006","34.4"
"LTU","","ALL","2007","34.8"
"LTU","","ALL","2008","35.7"
"LTU","","ALL","2009","37.2"
"LTU","","ALL","2010","33.6"
"LTU","","ALL","2011","32.5"
"LTU","","ALL","2012","35.1"
"LTU","","ALL","2013","35.3"
"LTU","","ALL","2014","37.7"
"LTU","","ALL","2015","37.4"
"LTU","","ALL","2016","38.4"
"LTU","","ALL","2017","37.3"
"LTU","","ALL","2018","35.7"
"LTU","","ALL","2019","35.4"
"LUX","","ALL","1995","29"
"LUX","","ALL","1996","28"
"LUX","","ALL","1997","25"
"LUX","","ALL","1998","26"
"LUX","","ALL","1999","27"
"LUX","","ALL","2000","30.4"
"LUX","","ALL","2001","27"
"LUX","","ALL","2002","29.6"
"LUX","","ALL","2003","30.2"
"LUX","","ALL","2004","30.2"
"LUX","","ALL","2005","30.8"
"LUX","","ALL","2006","30.9"
"LUX","","ALL","2007","31.1"
"LUX","","ALL","2008","32.6"
"LUX","","ALL","2009","31.2"
"LUX","","ALL","2010","30.5"
"LUX","","ALL","2011","32.1"
"LUX","","ALL","2012","34.3"
"LUX","","ALL","2013","32"
"LUX","","ALL","2014","31.2"
"LUX","","ALL","2015","32.9"
"LUX","","ALL","2016","31.7"
"LUX","","ALL","2017","34.5"
"LUX","","ALL","2018","35.4"
"LUX","","ALL","2019","32.3"
"LVA","","ALL","1999","35.2"
"LVA","","ALL","2000","34"
"LVA","","ALL","2001","34.5"
"LVA","","ALL","2002","34.5"
"LVA","","ALL","2003","35.4"
"LVA","","ALL","2004","36.4"
"LVA","","ALL","2005","39"
"LVA","","ALL","2006","35.6"
"LVA","","ALL","2007","37.5"
"LVA","","ALL","2008","37.2"
"LVA","","ALL","2009","36"
"LVA","","ALL","2010","35"
"LVA","","ALL","2011","35.8"
"LVA","","ALL","2012","35.2"
"LVA","","ALL","2013","35.5"
"LVA","","ALL","2014","35.1"
"LVA","","ALL","2015","34.2"
"LVA","","ALL","2016","34.3"
"LVA","","ALL","2017","35.6"
"LVA","","ALL","2018","35.1"
"LVA","","ALL","2019","35.2"
"MDA","","ALL","1997","36.9"
"MDA","","ALL","1998","39.5"
"MDA","","ALL","1999","42.6"
"MDA","","ALL","2000","36.4"
"MDA","","ALL","2001","38"
"MDA","","ALL","2002","35.8"
"MDA","","ALL","2003","34.9"
"MDA","","ALL","2004","35"
"MDA","","ALL","2005","36.3"
"MDA","","ALL","2006","35.4"
"MDA","","ALL","2007","34.4"
"MDA","","ALL","2008","34.7"
"MDA","","ALL","2009","32.9"
"MDA","","ALL","2010","32.1"
"MDA","","ALL","2011","30.6"
"MDA","","ALL","2012","29.2"
"MDA","","ALL","2013","28.5"
"MDA","","ALL","2014","26.8"
"MDA","","ALL","2015","27"
"MDA","","ALL","2016","26.3"
"MDA","","ALL","2017","25.9"
"MDA","","ALL","2018","25.7"
"MKD","","ALL","1999","30.7"
"MKD","","ALL","2000","31.9"
"MKD","","ALL","2001","32.4"
"MKD","","ALL","2002","33.6"
"MKD","","ALL","2003","33.7"
"MKD","","ALL","2004","35.2"
"MKD","","ALL","2005","37"
"MKD","","ALL","2006","38.8"
"MKD","","ALL","2009","42.8"
"MKD","","ALL","2010","40.2"
"MKD","","ALL","2011","39.4"
"MKD","","ALL","2012","38.1"
"MKD","","ALL","2013","36.2"
"MKD","","ALL","2014","35.2"
"MKD","","ALL","2015","35.6"
"MKD","","ALL","2016","34.5"
"MKD","","ALL","2017","34.2"
"MKD","","ALL","2018","33"
"MKD","","ALL","2019","30.7"
"MLT","","ALL","1999","28"
"MLT","","ALL","2000","30"
"MLT","","ALL","2001","28.2"
"MLT","","ALL","2002","28.6"
"MLT","","ALL","2003","28.1"
"MLT","","ALL","2004","27.7"
"MLT","","ALL","2005","27"
"MLT","","ALL","2006","28"
"MLT","","ALL","2007","29.2"
"MLT","","ALL","2008","29"
"MLT","","ALL","2009","30.2"
"MLT","","ALL","2010","29"
"MLT","","ALL","2011","29.1"
"MLT","","ALL","2012","29.4"
"MLT","","ALL","2013","28.8"
"MLT","","ALL","2014","29"
"MLT","","ALL","2015","29.4"
"MLT","","ALL","2016","29.1"
"MLT","","ALL","2017","29.2"
"MLT","","ALL","2018","28.7"
"MLT","","ALL","2019","28"
"MNE","","ALL","1999","34.1"
"MNE","","ALL","2000","34.7"
"MNE","","ALL","2001","36.7"
"MNE","","ALL","2002","36.5"
"MNE","","ALL","2003","36.5"
"MNE","","ALL","2004","36.5"
"MNE","","ALL","2005","38.5"
"MNE","","ALL","2006","30"
"MNE","","ALL","2007","31.4"
"MNE","","ALL","2008","30.5"
"MNE","","ALL","2009","31"
"MNE","","ALL","2010","28.9"
"MNE","","ALL","2011","30.8"
"MNE","","ALL","2012","41.2"
"MNE","","ALL","2013","39"
"MNE","","ALL","2014","38.8"
"MNE","","ALL","2015","39"
"MNE","","ALL","2016","38.5"
"MNE","","ALL","2017","36.7"
"MNE","","ALL","2018","34.7"
"MNE","","ALL","2019","34.1"
"NLD","","ALL","1995","29"
"NLD","","ALL","1996","29"
"NLD","","ALL","1997","26"
"NLD","","ALL","1998","25"
"NLD","","ALL","1999","28.1"
"NLD","","ALL","2000","29"
"NLD","","ALL","2001","27"
"NLD","","ALL","2002","27"
"NLD","","ALL","2003","26.7"
"NLD","","ALL","2004","29.8"
"NLD","","ALL","2005","29"
"NLD","","ALL","2006","30"
"NLD","","ALL","2007","29.6"
"NLD","","ALL","2008","29.3"
"NLD","","ALL","2009","27.9"
"NLD","","ALL","2010","27.8"
"NLD","","ALL","2011","27.8"
"NLD","","ALL","2012","27.6"
"NLD","","ALL","2013","28.1"
"NLD","","ALL","2014","28.6"
"NLD","","ALL","2015","28.2"
"NLD","","ALL","2016","28.2"
"NLD","","ALL","2017","28.5"
"NLD","","ALL","2018","28.1"
"NLD","","ALL","2019","26.8"
"NOR","","ALL","1999","25.4"
"NOR","","ALL","2000","27.4"
"NOR","","ALL","2001","26.1"
"NOR","","ALL","2002","25"
"NOR","","ALL","2003","27.6"
"NOR","","ALL","2004","31.6"
"NOR","","ALL","2005","30.6"
"NOR","","ALL","2006","26.4"
"NOR","","ALL","2007","27.1"
"NOR","","ALL","2008","27"
"NOR","","ALL","2009","26.2"
"NOR","","ALL","2010","25.7"
"NOR","","ALL","2011","25.3"
"NOR","","ALL","2012","25.7"
"NOR","","ALL","2013","26.4"
"NOR","","ALL","2014","26.8"
"NOR","","ALL","2015","27.5"
"NOR","","ALL","2016","28.5"
"NOR","","ALL","2017","27"
"NOR","","ALL","2018","27.6"
"NOR","","ALL","2019","25.4"
"","NORDIC","ALL","1997","21.83"
"","NORDIC","ALL","1999","22.85"
"","NORDIC","ALL","2000","26.44"
"","NORDIC","ALL","2001","24.61"
"","NORDIC","ALL","2002","25.07"
"","NORDIC","ALL","2003","26.33"
"","NORDIC","ALL","2004","27.27"
"","NORDIC","ALL","2005","27.36"
"","NORDIC","ALL","2006","26.68"
"","NORDIC","ALL","2007","27.19"
"","NORDIC","ALL","2008","27.24"
"","NORDIC","ALL","2009","27.02"
"","NORDIC","ALL","2010","27.19"
"","NORDIC","ALL","2011","27.08"
"","NORDIC","ALL","2012","27.16"
"","NORDIC","ALL","2013","27.89"
"","NORDIC","ALL","2014","27.75"
"","NORDIC","ALL","2015","28.19"
"","NORDIC","ALL","2016","28.54"
"","NORDIC","ALL","2017","28.11"
"","NORDIC","ALL","2018","28.51"
"","NORDIC","ALL","2019","26.81"
"POL","","ALL","1999","28.5"
"POL","","ALL","2000","30"
"POL","","ALL","2001","30"
"POL","","ALL","2002","29.8"
"POL","","ALL","2003","30.6"
"POL","","ALL","2004","38"
"POL","","ALL","2005","35.8"
"POL","","ALL","2006","34.7"
"POL","","ALL","2007","34"
"POL","","ALL","2008","33.5"
"POL","","ALL","2009","33.4"
"POL","","ALL","2010","33.2"
"POL","","ALL","2011","33.2"
"POL","","ALL","2012","33"
"POL","","ALL","2013","33.1"
"POL","","ALL","2014","32.8"
"POL","","ALL","2015","31.8"
"POL","","ALL","2016","31.2"
"POL","","ALL","2017","29.7"
"POL","","ALL","2018","30.2"
"POL","","ALL","2019","28.5"
"PRT","","ALL","1995","37"
"PRT","","ALL","1996","36"
"PRT","","ALL","1997","36"
"PRT","","ALL","1998","37"
"PRT","","ALL","1999","36"
"PRT","","ALL","2000","36"
"PRT","","ALL","2001","37"
"PRT","","ALL","2002","33.9"
"PRT","","ALL","2003","38.8"
"PRT","","ALL","2004","38.9"
"PRT","","ALL","2005","38.5"
"PRT","","ALL","2006","38.1"
"PRT","","ALL","2007","36.8"
"PRT","","ALL","2008","36.6"
"PRT","","ALL","2009","34.9"
"PRT","","ALL","2010","35.8"
"PRT","","ALL","2011","36.3"
"PRT","","ALL","2012","36"
"PRT","","ALL","2013","36.2"
"PRT","","ALL","2014","35.6"
"PRT","","ALL","2015","35.5"
"PRT","","ALL","2016","35.2"
"PRT","","ALL","2017","33.8"
"PRT","","ALL","2018","33.5"
"PRT","","ALL","2019","31.9"
"ROU","","ALL","1999","34.8"
"ROU","","ALL","2000","29"
"ROU","","ALL","2001","30"
"ROU","","ALL","2002","30"
"ROU","","ALL","2003","37.4"
"ROU","","ALL","2004","35"
"ROU","","ALL","2005","34.6"
"ROU","","ALL","2006","39.6"
"ROU","","ALL","2007","37.5"
"ROU","","ALL","2008","36.4"
"ROU","","ALL","2009","35.6"
"ROU","","ALL","2010","35.5"
"ROU","","ALL","2011","35.9"
"ROU","","ALL","2012","36.5"
"ROU","","ALL","2013","36.9"
"ROU","","ALL","2014","36"
"ROU","","ALL","2015","35.9"
"ROU","","ALL","2016","34.4"
"ROU","","ALL","2017","36"
"ROU","","ALL","2018","35.8"
"ROU","","ALL","2019","34.8"
"RUS","","ALL","1996","46.1"
"RUS","","ALL","1997","38.4"
"RUS","","ALL","1998","38.1"
"RUS","","ALL","1999","37.4"
"RUS","","ALL","2000","37.1"
"RUS","","ALL","2001","36.9"
"RUS","","ALL","2002","37.3"
"RUS","","ALL","2003","40"
"RUS","","ALL","2004","40.3"
"RUS","","ALL","2005","41.3"
"RUS","","ALL","2006","41"
"RUS","","ALL","2007","42.3"
"RUS","","ALL","2008","41.6"
"RUS","","ALL","2009","39.8"
"RUS","","ALL","2010","39.5"
"RUS","","ALL","2011","39.7"
"RUS","","ALL","2012","40.7"
"RUS","","ALL","2013","40.9"
"RUS","","ALL","2014","39.9"
"RUS","","ALL","2015","37.7"
"RUS","","ALL","2016","36.8"
"RUS","","ALL","2017","37.2"
"RUS","","ALL","2018","37.5"
"","SEEHN","ALL","1999","35.56"
"","SEEHN","ALL","2000","31.11"
"","SEEHN","ALL","2001","32.18"
"","SEEHN","ALL","2002","32.6"
"","SEEHN","ALL","2003","37.09"
"","SEEHN","ALL","2004","35.95"
"","SEEHN","ALL","2005","35.99"
"","SEEHN","ALL","2006","37.83"
"","SEEHN","ALL","2007","37.06"
"","SEEHN","ALL","2008","36.45"
"","SEEHN","ALL","2009","36.22"
"","SEEHN","ALL","2010","36.37"
"","SEEHN","ALL","2011","36.19"
"","SEEHN","ALL","2012","36.56"
"","SEEHN","ALL","2013","36.65"
"","SEEHN","ALL","2014","36.43"
"","SEEHN","ALL","2015","36.34"
"","SEEHN","ALL","2016","35.83"
"","SEEHN","ALL","2017","36"
"","SEEHN","ALL","2018","35.9"
"","SEEHN","ALL","2019","35.08"
"","SMALL","ALL","1999","29.79"
"","SMALL","ALL","2000","30.23"
"","SMALL","ALL","2001","30.54"
"","SMALL","ALL","2002","31.26"
"","SMALL","ALL","2003","32.03"
"","SMALL","ALL","2004","31.08"
"","SMALL","ALL","2005","31.73"
"","SMALL","ALL","2006","30.2"
"","SMALL","ALL","2007","30.68"
"","SMALL","ALL","2008","31.17"
"","SMALL","ALL","2009","30.97"
"","SMALL","ALL","2010","29.7"
"","SMALL","ALL","2011","30.88"
"","SMALL","ALL","2012","34.24"
"","SMALL","ALL","2013","33.86"
"","SMALL","ALL","2014","33.53"
"","SMALL","ALL","2015","33.36"
"","SMALL","ALL","2016","32.66"
"","SMALL","ALL","2017","32.18"
"","SMALL","ALL","2018","31.86"
"","SMALL","ALL","2019","30.5"
"SRB","","ALL","1999","33.3"
"SRB","","ALL","2000","35.6"
"SRB","","ALL","2001","37.8"
"SRB","","ALL","2002","39.8"
"SRB","","ALL","2003","40"
"SRB","","ALL","2004","38.3"
"SRB","","ALL","2005","38"
"SRB","","ALL","2012","39.9"
"SRB","","ALL","2013","39.5"
"SRB","","ALL","2014","40.5"
"SRB","","ALL","2015","40.5"
"SRB","","ALL","2016","38.8"
"SRB","","ALL","2017","36.2"
"SRB","","ALL","2018","35.6"
"SRB","","ALL","2019","33.3"
"SVK","","ALL","1999","22.8"
"SVK","","ALL","2000","20.9"
"SVK","","ALL","2001","23.2"
"SVK","","ALL","2002","24.3"
"SVK","","ALL","2003","23.7"
"SVK","","ALL","2004","27.1"
"SVK","","ALL","2005","29.3"
"SVK","","ALL","2006","25.8"
"SVK","","ALL","2007","24.7"
"SVK","","ALL","2008","26"
"SVK","","ALL","2009","27.2"
"SVK","","ALL","2010","27.3"
"SVK","","ALL","2011","26.5"
"SVK","","ALL","2012","26.1"
"SVK","","ALL","2013","28.1"
"SVK","","ALL","2014","26.1"
"SVK","","ALL","2015","26.5"
"SVK","","ALL","2016","25.2"
"SVK","","ALL","2017","23.2"
"SVK","","ALL","2018","25"
"SVK","","ALL","2019","22.8"
"SVN","","ALL","1999","23.9"
"SVN","","ALL","2000","22"
"SVN","","ALL","2001","22"
"SVN","","ALL","2002","22"
"SVN","","ALL","2003","24.5"
"SVN","","ALL","2004","24.8"
"SVN","","ALL","2005","24.6"
"SVN","","ALL","2006","24.4"
"SVN","","ALL","2007","24.4"
"SVN","","ALL","2008","23.7"
"SVN","","ALL","2009","24.8"
"SVN","","ALL","2010","24.9"
"SVN","","ALL","2011","24.9"
"SVN","","ALL","2012","25.6"
"SVN","","ALL","2013","26.2"
"SVN","","ALL","2014","25.7"
"SVN","","ALL","2015","25.4"
"SVN","","ALL","2016","24.8"
"SVN","","ALL","2017","24.2"
"SVN","","ALL","2018","24.6"
"SVN","","ALL","2019","23.9"
"SWE","","ALL","1997","21"
"SWE","","ALL","1999","22"
"SWE","","ALL","2000","27.2"
"SWE","","ALL","2001","24"
"SWE","","ALL","2002","23"
"SWE","","ALL","2003","25.3"
"SWE","","ALL","2004","26.1"
"SWE","","ALL","2005","26.8"
"SWE","","ALL","2006","26.4"
"SWE","","ALL","2007","27.1"
"SWE","","ALL","2008","28.1"
"SWE","","ALL","2009","27.3"
"SWE","","ALL","2010","27.7"
"SWE","","ALL","2011","27.6"
"SWE","","ALL","2012","27.6"
"SWE","","ALL","2013","28.8"
"SWE","","ALL","2014","28.4"
"SWE","","ALL","2015","29.2"
"SWE","","ALL","2016","29.6"
"SWE","","ALL","2017","28.8"
"SWE","","ALL","2018","30"
"SWE","","ALL","2019","27.6"
"TJK","","ALL","1999","29.5"
"TJK","","ALL","2003","32.7"
"TJK","","ALL","2004","33.6"
"TJK","","ALL","2007","32.2"
"TJK","","ALL","2009","30.8"
"TJK","","ALL","2015","34"
"TKM","","ALL","1998","40.8"
"TUR","","ALL","1999","41.7"
"TUR","","ALL","2000","43"
"TUR","","ALL","2001","43"
"TUR","","ALL","2002","41.4"
"TUR","","ALL","2003","42.2"
"TUR","","ALL","2004","41.3"
"TUR","","ALL","2005","42.6"
"TUR","","ALL","2006","39.6"
"TUR","","ALL","2007","38.4"
"TUR","","ALL","2008","39"
"TUR","","ALL","2009","39"
"TUR","","ALL","2010","38.8"
"TUR","","ALL","2011","40"
"TUR","","ALL","2012","40.2"
"TUR","","ALL","2013","40.2"
"TUR","","ALL","2014","41.2"
"TUR","","ALL","2015","42.9"
"TUR","","ALL","2016","41.9"
"TUR","","ALL","2017","41.4"
"TUR","","ALL","2018","41.9"
"TUR","","ALL","2019","41.9"
"UKR","","ALL","1995","39.3"
"UKR","","ALL","1996","35.2"
"UKR","","ALL","2002","29"
"UKR","","ALL","2003","28.7"
"UKR","","ALL","2004","28.9"
"UKR","","ALL","2005","29"
"UKR","","ALL","2006","29.8"
"UKR","","ALL","2007","27"
"UKR","","ALL","2008","26.6"
"UKR","","ALL","2009","25.3"
"UKR","","ALL","2010","24.8"
"UKR","","ALL","2011","24.6"
"UKR","","ALL","2012","24.7"
"UKR","","ALL","2013","24.6"
"UKR","","ALL","2014","24"
"UKR","","ALL","2015","25.5"
"UKR","","ALL","2016","25"
"UKR","","ALL","2017","26"
"UKR","","ALL","2018","26.1"
"UKR","","ALL","2019","26.6"
"UZB","","ALL","1998","44.7"
"UZB","","ALL","2000","36.1"
"UZB","","ALL","2002","33"
"UZB","","ALL","2003","35.3"
"","WHO_EURO","ALL","1999","32.98"
"","WHO_EURO","ALL","2000","33.76"
"","WHO_EURO","ALL","2001","32.79"
"","WHO_EURO","ALL","2002","32.56"
"","WHO_EURO","ALL","2003","34.04"
"","WHO_EURO","ALL","2004","34.55"
"","WHO_EURO","ALL","2005","34.8"
"","WHO_EURO","ALL","2006","34.38"
"","WHO_EURO","ALL","2007","34.49"
"","WHO_EURO","ALL","2008","34.23"
"","WHO_EURO","ALL","2009","33.77"
"","WHO_EURO","ALL","2010","33.86"
"","WHO_EURO","ALL","2011","33.92"
"","WHO_EURO","ALL","2012","34.09"
"","WHO_EURO","ALL","2013","34.26"
"","WHO_EURO","ALL","2014","34.1"
"","WHO_EURO","ALL","2015","34.01"
"","WHO_EURO","ALL","2016","33.72"
"","WHO_EURO","ALL","2017","33.46"
"","WHO_EURO","ALL","2018","33.51"
"","WHO_EURO","ALL","2019","32.61"

"Last update","2022.09.01 08:50:47 GMT"
"Description","GINI coefficient (income distribution)"
"Reference link","https://dw.euro.who.int/api/v3/measures/HFA_617?lang=En"

"Copyright"
"© WHO Regional Office for Europe 2023. All rights reserved.","https://www.who.int/about/policies/publishing/copyright"
